{
  "accuracy": 0.9942857142857143,
  "f1_macro": 0.9823035696228133
}